Test1.txt:1> CREATE TABLE course (sid INT, homework INT, project INT, exam INT, grade STR20)
Query OK (0 disk I/O, 0 ms)

Test1.txt:2> INSERT INTO course (sid, homework, project, exam, grade) VALUES (1, 99, 100, 100, "A")
Query OK (1 disk I/O, 74.63 ms)

Test1.txt:3> SELECT * FROM course
+-----+----------+---------+------+-------+
| sid | homework | project | exam | grade |
+-----+----------+---------+------+-------+
|   1 |       99 |     100 |  100 | A     |
+-----+----------+---------+------+-------+
1 row in set (1 disk I/O, 75.26 ms)

Test1.txt:4> INSERT INTO course (sid, homework, project, exam, grade) VALUES (2, 0, 100, 100, "E")
Query OK (1 disk I/O, 74.89 ms)

Test1.txt:5> INSERT INTO course (sid, grade, exam, project, homework) VALUES (3, "E", 100, 100, 100)
Query OK (1 disk I/O, 75.52 ms)

Test1.txt:6> INSERT INTO course (sid, homework, project, exam, grade) SELECT * FROM course
Query OK (6 disk I/O, 448.3 ms)

Test1.txt:7> SELECT * FROM course
+-----+----------+---------+------+-------+
| sid | homework | project | exam | grade |
+-----+----------+---------+------+-------+
|   1 |       99 |     100 |  100 | A     |
|   2 |        0 |     100 |  100 | E     |
|   3 |      100 |     100 |  100 | E     |
|   1 |       99 |     100 |  100 | A     |
|   2 |        0 |     100 |  100 | E     |
|   3 |      100 |     100 |  100 | E     |
+-----+----------+---------+------+-------+
6 rows in set (6 disk I/O, 448.08 ms)

Test1.txt:8> DELETE FROM course WHERE grade = "E"
Query OK (10 disk I/O, 746.38 ms)

Test1.txt:9> SELECT * FROM course
+-----+----------+---------+------+-------+
| sid | homework | project | exam | grade |
+-----+----------+---------+------+-------+
|   1 |       99 |     100 |  100 | A     |
|   1 |       99 |     100 |  100 | A     |
+-----+----------+---------+------+-------+
2 rows in set (2 disk I/O, 149.64 ms)

Test1.txt:10> INSERT INTO course (sid, homework, project, exam, grade) VALUES (4, 99, 100, 100, "B")
Query OK (1 disk I/O, 75.27 ms)

Test1.txt:11> DELETE FROM course
Query OK (8 disk I/O, 597.31 ms)

Test1.txt:12> SELECT * FROM course
Empty set (0 disk I/O, 0.31 ms)

Test1.txt:13> DROP TABLE course
Query OK (0 disk I/O, 0.31 ms)

Test1.txt:14> CREATE TABLE course (sid INT, homework INT, project INT, exam INT, grade STR20)
Query OK (0 disk I/O, 0.31 ms)

Test1.txt:15> INSERT INTO course (sid, homework, project, exam, grade) VALUES (1, 99, 100, 100, "A")
Query OK (1 disk I/O, 74.94 ms)

Test1.txt:16> INSERT INTO course (sid, homework, project, exam, grade) VALUES (3, 100, 100, 98, "C")
Query OK (1 disk I/O, 75.57 ms)

Test1.txt:17> INSERT INTO course (sid, homework, project, exam, grade) VALUES (3, 100, 69, 64, "C")
Query OK (1 disk I/O, 75.2 ms)

Test1.txt:18> INSERT INTO course (sid, homework, project, exam, grade) VALUES (15, 100, 50, 90, "E")
Query OK (1 disk I/O, 74.83 ms)

Test1.txt:19> INSERT INTO course (sid, homework, project, exam, grade) VALUES (15, 100, 99, 100, "E")
Query OK (1 disk I/O, 75.46 ms)

Test1.txt:20> INSERT INTO course (sid, homework, project, exam, grade) VALUES (17, 100, 100, 100, "A")
Query OK (1 disk I/O, 75.09 ms)

Test1.txt:21> INSERT INTO course (sid, homework, project, exam, grade) VALUES (2, 100, 100, 99, "B")
Query OK (1 disk I/O, 74.72 ms)

Test1.txt:22> INSERT INTO course (sid, homework, project, exam, grade) VALUES (4, 100, 100, 97, "D")
Query OK (1 disk I/O, 75.35 ms)

Test1.txt:23> INSERT INTO course (sid, homework, project, exam, grade) VALUES (5, 100, 100, 66, "A")
Query OK (1 disk I/O, 74.98 ms)

Test1.txt:24> INSERT INTO course (sid, homework, project, exam, grade) VALUES (6, 100, 100, 65, "B")
Query OK (1 disk I/O, 75.61 ms)

Test1.txt:25> SELECT * FROM course
+-----+----------+---------+------+-------+
| sid | homework | project | exam | grade |
+-----+----------+---------+------+-------+
|   1 |       99 |     100 |  100 | A     |
|   3 |      100 |     100 |   98 | C     |
|   3 |      100 |      69 |   64 | C     |
|  15 |      100 |      50 |   90 | E     |
|  15 |      100 |      99 |  100 | E     |
|  17 |      100 |     100 |  100 | A     |
|   2 |      100 |     100 |   99 | B     |
|   4 |      100 |     100 |   97 | D     |
|   5 |      100 |     100 |   66 | A     |
|   6 |      100 |     100 |   65 | B     |
+-----+----------+---------+------+-------+
10 rows in set (10 disk I/O, 746.91 ms)

Test1.txt:26> SELECT sid, grade FROM course
+-----+-------+
| sid | grade |
+-----+-------+
|   1 | A     |
|   3 | C     |
|   3 | C     |
|  15 | E     |
|  15 | E     |
|  17 | A     |
|   2 | B     |
|   4 | D     |
|   5 | A     |
|   6 | B     |
+-----+-------+
10 rows in set (10 disk I/O, 747.21 ms)

Test1.txt:27> SELECT * FROM course WHERE exam = 100
+-----+----------+---------+------+-------+
| sid | homework | project | exam | grade |
+-----+----------+---------+------+-------+
|   1 |       99 |     100 |  100 | A     |
|  15 |      100 |      99 |  100 | E     |
|  17 |      100 |     100 |  100 | A     |
+-----+----------+---------+------+-------+
3 rows in set (10 disk I/O, 746.51 ms)

Test1.txt:28> SELECT * FROM course WHERE exam = 100 AND project = 100
+-----+----------+---------+------+-------+
| sid | homework | project | exam | grade |
+-----+----------+---------+------+-------+
|   1 |       99 |     100 |  100 | A     |
|  17 |      100 |     100 |  100 | A     |
+-----+----------+---------+------+-------+
2 rows in set (10 disk I/O, 746.81 ms)

Test1.txt:29> SELECT * FROM course WHERE exam = 100 OR exam = 99
+-----+----------+---------+------+-------+
| sid | homework | project | exam | grade |
+-----+----------+---------+------+-------+
|   1 |       99 |     100 |  100 | A     |
|  15 |      100 |      99 |  100 | E     |
|  17 |      100 |     100 |  100 | A     |
|   2 |      100 |     100 |   99 | B     |
+-----+----------+---------+------+-------+
4 rows in set (10 disk I/O, 747.11 ms)

Test1.txt:30> SELECT * FROM course WHERE exam > 70
+-----+----------+---------+------+-------+
| sid | homework | project | exam | grade |
+-----+----------+---------+------+-------+
|   1 |       99 |     100 |  100 | A     |
|   3 |      100 |     100 |   98 | C     |
|  15 |      100 |      50 |   90 | E     |
|  15 |      100 |      99 |  100 | E     |
|  17 |      100 |     100 |  100 | A     |
|   2 |      100 |     100 |   99 | B     |
|   4 |      100 |     100 |   97 | D     |
+-----+----------+---------+------+-------+
7 rows in set (10 disk I/O, 746.41 ms)

Test1.txt:31> SELECT * FROM course WHERE (exam + homework) = 200
+-----+----------+---------+------+-------+
| sid | homework | project | exam | grade |
+-----+----------+---------+------+-------+
|  15 |      100 |      99 |  100 | E     |
|  17 |      100 |     100 |  100 | A     |
+-----+----------+---------+------+-------+
2 rows in set (10 disk I/O, 746.71 ms)

Test1.txt:32> SELECT DISTINCT grade FROM course
+-------+
| grade |
+-------+
| A     |
| B     |
| C     |
| D     |
| E     |
+-------+
5 rows in set (18 disk I/O, 1344.05 ms)

Test1.txt:33> SELECT DISTINCT * FROM course
+-----+----------+---------+------+-------+
| sid | homework | project | exam | grade |
+-----+----------+---------+------+-------+
|   1 |       99 |     100 |  100 | A     |
|   2 |      100 |     100 |   99 | B     |
|   3 |      100 |      69 |   64 | C     |
|   3 |      100 |     100 |   98 | C     |
|   4 |      100 |     100 |   97 | D     |
|   5 |      100 |     100 |   66 | A     |
|   6 |      100 |     100 |   65 | B     |
|  15 |      100 |      50 |   90 | E     |
|  15 |      100 |      99 |  100 | E     |
|  17 |      100 |     100 |  100 | A     |
+-----+----------+---------+------+-------+
10 rows in set (50 disk I/O, 3731.55 ms)

Test1.txt:34> SELECT * FROM course ORDER BY sid
+-----+----------+---------+------+-------+
| sid | homework | project | exam | grade |
+-----+----------+---------+------+-------+
|   1 |       99 |     100 |  100 | A     |
|   2 |      100 |     100 |   99 | B     |
|   3 |      100 |      69 |   64 | C     |
|   3 |      100 |     100 |   98 | C     |
|   4 |      100 |     100 |   97 | D     |
|   5 |      100 |     100 |   66 | A     |
|   6 |      100 |     100 |   65 | B     |
|  15 |      100 |      50 |   90 | E     |
|  15 |      100 |      99 |  100 | E     |
|  17 |      100 |     100 |  100 | A     |
+-----+----------+---------+------+-------+
10 rows in set (50 disk I/O, 3732.05 ms)

Test1.txt:35> DELETE FROM course
Query OK (20 disk I/O, 1492.65 ms)

Test1.txt:36> INSERT INTO course (sid, homework, project, exam, grade) VALUES (1, 99, 100, 100, "A")
Query OK (1 disk I/O, 75.28 ms)

Test1.txt:37> INSERT INTO course (sid, homework, project, exam, grade) VALUES (3, 100, 100, 98, "C")
Query OK (1 disk I/O, 74.91 ms)

Test1.txt:38> INSERT INTO course (sid, homework, project, exam, grade) VALUES (3, 100, 69, 64, "C")
Query OK (1 disk I/O, 75.54 ms)

Test1.txt:39> INSERT INTO course (sid, homework, project, exam, grade) VALUES (15, 100, 50, 90, "E")
Query OK (1 disk I/O, 75.17 ms)

Test1.txt:40> INSERT INTO course (sid, homework, project, exam, grade) VALUES (15, 100, 99, 100, "E")
Query OK (1 disk I/O, 74.8 ms)

Test1.txt:41> CREATE TABLE course2 (sid INT, exam INT, grade STR20)
Query OK (0 disk I/O, 0.8 ms)

Test1.txt:42> INSERT INTO course2 (sid, exam, grade) VALUES (1, 100, "A")
Query OK (1 disk I/O, 75.43 ms)

Test1.txt:43> INSERT INTO course2 (sid, exam, grade) VALUES (16, 25, "E")
Query OK (2 disk I/O, 149.69 ms)

Test1.txt:44> INSERT INTO course2 (sid, exam, grade) VALUES (17, 0, "A")
Query OK (1 disk I/O, 75.32 ms)

Test1.txt:45> INSERT INTO course2 (sid, exam, grade) VALUES (2, 99, "B")
Query OK (2 disk I/O, 149.58 ms)

Test1.txt:46> INSERT INTO course2 (sid, exam, grade) VALUES (3, 98, "C")
Query OK (1 disk I/O, 75.21 ms)

Test1.txt:47> INSERT INTO course2 (sid, exam, grade) VALUES (4, 97, "D")
Query OK (2 disk I/O, 149.47 ms)

Test1.txt:48> SELECT course.sid, course.grade, course2.grade FROM course, course2
+------------+--------------+---------------+
| course.sid | course.grade | course2.grade |
+------------+--------------+---------------+
|          1 | A            | A             |
|          1 | A            | E             |
|          1 | A            | A             |
|          1 | A            | B             |
|          1 | A            | C             |
|          1 | A            | D             |
|          3 | C            | A             |
|          3 | C            | E             |
|          3 | C            | A             |
|          3 | C            | B             |
|          3 | C            | C             |
|          3 | C            | D             |
|          3 | C            | A             |
|          3 | C            | E             |
|          3 | C            | A             |
|          3 | C            | B             |
|          3 | C            | C             |
|          3 | C            | D             |
|         15 | E            | A             |
|         15 | E            | E             |
|         15 | E            | A             |
|         15 | E            | B             |
|         15 | E            | C             |
|         15 | E            | D             |
|         15 | E            | A             |
|         15 | E            | E             |
|         15 | E            | A             |
|         15 | E            | B             |
|         15 | E            | C             |
|         15 | E            | D             |
+------------+--------------+---------------+
30 rows in set (68 disk I/O, 5075.31 ms)

Test1.txt:49> SELECT course.grade, course2.grade FROM course, course2 WHERE course.sid = course2.sid
+--------------+---------------+
| course.grade | course2.grade |
+--------------+---------------+
| A            | A             |
| C            | C             |
| C            | C             |
+--------------+---------------+
3 rows in set (35 disk I/O, 2612.36 ms)

Test1.txt:50> SELECT * FROM course, course2 WHERE course.sid = course2.sid ORDER BY course.exam
+------------+-----------------+----------------+-------------+--------------+-------------+--------------+---------------+
| course.sid | course.homework | course.project | course.exam | course.grade | course2.sid | course2.exam | course2.grade |
+------------+-----------------+----------------+-------------+--------------+-------------+--------------+---------------+
|          3 |             100 |             69 |          64 | C            |           3 |           98 | C             |
|          3 |             100 |            100 |          98 | C            |           3 |           98 | C             |
|          1 |              99 |            100 |         100 | A            |           1 |          100 | A             |
+------------+-----------------+----------------+-------------+--------------+-------------+--------------+---------------+
3 rows in set (41 disk I/O, 3060.19 ms)

Test1.txt:51> SELECT * FROM course, course2 WHERE course.sid = course2.sid AND course.exam = 100 AND course2.exam = 100
+------------+-----------------+----------------+-------------+--------------+-------------+--------------+---------------+
| course.sid | course.homework | course.project | course.exam | course.grade | course2.sid | course2.exam | course2.grade |
+------------+-----------------+----------------+-------------+--------------+-------------+--------------+---------------+
|          1 |              99 |            100 |         100 | A            |           1 |          100 | A             |
+------------+-----------------+----------------+-------------+--------------+-------------+--------------+---------------+
1 row in set (22 disk I/O, 1642.05 ms)

Test1.txt:52> SELECT DISTINCT course.grade, course2.grade FROM course, course2 WHERE course.sid = course2.sid AND course.grade = "A" AND course2.grade = "A" ORDER BY course.exam
+--------------+---------------+
| course.grade | course2.grade |
+--------------+---------------+
| A            | A             |
+--------------+---------------+
1 row in set (26 disk I/O, 1940.43 ms)

Test1.txt:53> DROP TABLE course
Query OK (0 disk I/O, 0.43 ms)

